name,address,email,hra,basic
Javith,India,Mjavith@gm.com,14000,11000
Ravi,India,ravi@gmail.com,15000,15000
Raja,India,Raja@gmail.com,12000,18000
Haider,UAE,haider@gmail.com,12000,15000
Nijar,USA,nj@gm.com,12333,15667
Kiran,AME,kiran@gmail.com,15667,12233
nilan,USA,Nilan@gmail.com,15000,12000
